{
    "app-id": "com.anydesk.Anydesk",
    "runtime": "org.freedesktop.Platform",
    "runtime-version": "20.08",
    "sdk": "org.freedesktop.Sdk",
    "command": "anydesk",
    "separate-locales": false,
    "tags": [
        "proprietary"
    ],
    "finish-args": [
        "--share=ipc",
        "--socket=x11",
        "--socket=pulseaudio",
        "--share=network",
        "--device=dri",
        "--filesystem=home"
    ],
    "modules": [
        "shared-modules/intltool/intltool-0.51.json",
        {
            "name": "libxmu",
            "sources": [
                {
                    "type": "archive",
                    "url": "https://www.x.org/releases/individual/lib/libXmu-1.1.3.tar.bz2",
                    "sha256": "9c343225e7c3dc0904f2122b562278da5fed639b1b5e880d25111561bac5b731"
                }
            ]
        },
        {
            "name": "minizip",
            "subdir": "contrib/minizip",
            "sources": [
                {
                    "type": "archive",
                    "url": "https://zlib.net/zlib-1.2.11.tar.xz",
                    "sha256": "4ff941449631ace0d4d203e3483be9dbc9da454084111f97ea0a2114e19bf066"
                },
                {
                    "type": "script",
                    "dest": "contrib/minizip/",
                    "dest-filename": "autogen.sh",
                    "commands": [
                        "autoreconf -ifv"
                    ]
                }
            ]
        },
        {
            "name": "pangox-compat",
            "sources": [
                {
                    "type": "git",
                    "url": "https://gitlab.gnome.org/Archive/pangox-compat",
                    "commit": "edb9e0904d04d1da02bba7b78601a2aba05aaa47"
                },
                {
                    "type": "patch",
                    "paths": [
                        "0001-Re-add-pango_x_get_shaper_map-it-is-still-used-in-th.patch",
                        "0002-disable-shaper.patch"
                    ]
                }
            ]
        },
        {
            "name": "polkit",
            "config-opts": [
                "--disable-polkitd",
                "--disable-man-pages",
                "--disable-introspection",
                "--disable-examples",
                "--disable-gtk-doc",
                "--disable-libelogind",
                "--disable-libsystemd-login",
                "--with-systemdsystemunitdir=no",
                "--with-authdb=dummy"
            ],
            "rm-configure": true,
            "cleanup": [
                "/bin/*",
                "/etc/pam.d",
                "/etc/dbus-1",
                "/share/dbus-1/system-services/*",
                "/share/polkit-1",
                "/share/polkit-1/actions/*",
                "/lib/polkit-1"
            ],
            "sources": [
                {
                    "type": "archive",
                    "url": "https://www.freedesktop.org/software/polkit/releases/polkit-0.116.tar.gz",
                    "sha256": "88170c9e711e8db305a12fdb8234fac5706c61969b94e084d0f117d8ec5d34b1"
                },
                {
                    "type": "patch",
                    "path": "polkit-build-Add-option-to-build-without-polkitd.patch"
                },
                {
                    "type": "file",
                    "path": "polkit-autogen",
                    "dest-filename": "autogen.sh"
                }
            ]
        },
        "shared-modules/gtk2/gtk2.json",
        "shared-modules/glu/glu-9.json",
        {
            "name": "gtkglext",
            "build-commands": [
                "sed '/AC_PATH_XTRA/d' -i configure.in",
                "./configure --prefix=/app --disable-static",
                "make",
                "make install"
            ],
            "sources": [
                {
                    "type": "archive",
                    "url": "https://download.gnome.org/sources/gtkglext/1.2/gtkglext-1.2.0.tar.bz2",
                    "sha256": "16bd736074f6b14180f206b7e91263fc721b49912ea3258ab5f094cfa5497f51"
                },
                {
                    "type": "patch",
                    "paths": [
                        "gtk2.20.patch",
                        "gtkglext-gcc8.patch",
                        "x11-libs_gtkglext_files_gtkglext-1.2.0-no-pangox.patch"
                    ]
                }
            ]
        },
        {
            "name": "pciutils",
            "buildsystem": "simple",
            "build-commands": [
                "make",
                "make PREFIX=/app SBINDIR=/app/bin install"
            ],
            "sources": [
                {
                    "type": "archive",
                    "url": "https://www.kernel.org/pub/software/utils/pciutils/pciutils-3.5.6.tar.xz",
                    "sha256": "f346eeb90cce0910c05b877fe49eadc760fa084c0455fd313e39d4b2c2d4bb21"
                }
            ]
        },
        {
            "name": "libxkbfile",
            "config-opts": [
                "--disable-static",
                "--enable-x11"
            ],
            "sources": [
                {
                    "type": "archive",
                    "url": "https://xorg.freedesktop.org/releases/individual/lib/libxkbfile-1.1.0.tar.gz",
                    "sha256": "2a92adda3992aa7cbad758ef0b8dfeaedebb49338b772c64ddf369d78c1c51d3"
                }
            ]
        },
        {
            "name": "anydesk",
            "buildsystem": "simple",
            "build-commands": [
                "install -Dm755 apply_extra /app/bin/apply_extra",
                "install -Dm755 anydesk.sh /app/bin/anydesk",
                "for size in 16 24 32 48 64 128 256 512; do\n                    rsvg-convert -w $size -h $size -f png -o $size.png anydesk.svg\n                    install -Dm644 $size.png /app/share/icons/hicolor/${size}x${size}/apps/com.anydesk.Anydesk.png\n                done",
                "install -Dm644 anydesk.svg export/share/icons/hicolor/scalable/apps/com.anydesk.Anydesk.svg",
                "install -Dm644 com.anydesk.Anydesk.metainfo.xml /app/share/metainfo/com.anydesk.Anydesk.metainfo.xml",
                "install -Dm644 com.anydesk.Anydesk.desktop /app/share/applications/com.anydesk.Anydesk.desktop"
            ],
            "sources": [
                {
                    "type": "script",
                    "dest-filename": "apply_extra",
                    "commands": [
                        "tar --strip-components=1 -xf anydesk.tar.gz --no-same-owner",
                        "rm -f anydesk.tar.gz",
                        "chmod 755 anydesk"
                    ]
                },
                {
                    "type": "script",
                    "dest-filename": "anydesk.sh",
                    "commands": [
                        "exec /app/extra/anydesk \"$@\""
                    ]
                },
                {
                    "type": "file",
                    "path": "com.anydesk.Anydesk.metainfo.xml"
                },
                {
                    "type": "file",
                    "path": "com.anydesk.Anydesk.desktop"
                },
                {
                    "type": "file",
                    "path": "anydesk.svg"
                },
                {
                    "type": "extra-data",
                    "filename": "anydesk.tar.gz",
                    "only-arches": [
                        "x86_64"
                    ],
                    "url": "https://download.anydesk.com/linux/anydesk-6.1.1-amd64.tar.gz",
                    "sha256": "102e72c75502a4779083320322dd047e2b0c00a25ead7444a00aad1db54325aa",
                    "size": 5296860,
                    "x-checker-data": {
                        "type": "html",
                        "url": "https://anydesk.com/en/downloads/linux",
                        "url-pattern": "(https://download.anydesk.com/linux/anydesk-[0-9.]+-amd64.tar.gz)",
                        "version-pattern": "https://download.anydesk.com/linux/anydesk-([0-9.]+)-amd64.tar.gz"
                    }
                }
            ]
        }
    ]
}
