<?xml version="1.0" encoding="UTF-8"?>
<component type="desktop">
  <id>com.anydesk.Anydesk.desktop</id>
  <name>AnyDesk</name>
  <project_license>LicenseRef-proprietary</project_license>
  <developer_name>AnyDesk Software GmbH</developer_name>
  <metadata_license>CC0-1.0</metadata_license>
  <summary>Connect to a computer remotely</summary>
  <summary xml:lang="pt_BR">Conectar com um computador remotamente</summary>
  <summary xml:lang="es">Conéctese a un ordenador de forma remota</summary>
  <url type="homepage">https://www.anydesk.com</url>
  <url type="bugtracker">https://github.com/flathub/com.anydesk.Anydesk/issues</url>
  <description><p>AnyDesk ensures secure and reliable remote desktop connections for IT professionals and on-the-go individuals alike.</p><p>NOTE: This wrapper is not verified by, affiliated with, or supported by AnyDesk.</p></description>
  <description xml:lang="pt_BR"><p>A AnyDesk assegura ligações de computador remoto seguras e fiáveis tanto para profissionais de TI como para pessoas em viagem.</p><p>NOTA: Este aplicativo não foi empacotado pelo AnyDesk</p></description>
  <description xml:lang="es"><p>Gracias a AnyDesk, contará con conexiones seguras y fiables de escritorio remoto para profesionales informáticos y usuarios en movimiento.</p><p>NOTA: Esta aplicación no ha sido empaquetado por AnyDesk</p></description>
  <screenshots>
    <screenshot>
      <image type="source">https://github.com/flathub/com.anydesk.Anydesk/raw/b27de5e35d6651a35a2ea8e2568dfc4d021c4b0c/Screenshots/anydesk-v5-linux-main-screen-en-2e1b4e.png</image>
    </screenshot>
  </screenshots>
  <categories>
    <category>Network</category>
  </categories>
      <releases>
        <release version="6.1.1" date="2021-04-15"/>
        <release version="6.1.0" date="2021-01-28"/>
        <release version="6.0.1" date="2020-08-25"/>
        <release version="6.0.0" date="2020-07-28"/>
        <release version="5.5.6" date="2020-05-08"/>
        <release version="5.5.5" date="2020-04-20"/>
        <release version="5.5.4" date="2020-02-25"/>
        <release version="5.5.3" date="2020-02-21"/>
        <release version="5.5.2" date="2020-02-17"/>
        <release version="5.5.1" date="2019-12-03"/>
        <release version="5.5.0" date="2019-11-18"/>
        <release version="5.4.1" date="2019-10-31"/>
        <release version="5.4.0" date="2019-10-24"/>
        <release version="5.1.2" date="2019-08-21"/>
        <release date="2019-06-13" version="5.1.1"/>
        <release date="2018-11-09" version="4.0.1"/>
        <release date="2018-09-17" version="4.0.0"/>
        <release date="2018-06-14" version="2.9.6"/>
        <release date="2017-09-14" version="2.9.5"/>
  </releases>
  <icon type="remote" height="64" width="64">https://lh3.googleusercontent.com/bpm79oQCS4VMwIG-jajHfpsIhsUodP5fHDa3V2cMXLiwkSscAAviezm9YlmSxgjkB-A=w64</icon>
  <icon type="remote" height="128" width="128">https://lh3.googleusercontent.com/bpm79oQCS4VMwIG-jajHfpsIhsUodP5fHDa3V2cMXLiwkSscAAviezm9YlmSxgjkB-A=w128</icon>
  <content_rating type="oars-1.1">
    <content_attribute id="violence-cartoon">none</content_attribute>
    <content_attribute id="violence-fantasy">none</content_attribute>
    <content_attribute id="violence-realistic">none</content_attribute>
    <content_attribute id="violence-bloodshed">none</content_attribute>
    <content_attribute id="violence-sexual">none</content_attribute>
    <content_attribute id="violence-desecration">none</content_attribute>
    <content_attribute id="violence-slavery">none</content_attribute>
    <content_attribute id="violence-worship">none</content_attribute>
    <content_attribute id="drugs-alcohol">none</content_attribute>
    <content_attribute id="drugs-narcotics">none</content_attribute>
    <content_attribute id="drugs-tobacco">none</content_attribute>
    <content_attribute id="sex-nudity">none</content_attribute>
    <content_attribute id="sex-themes">none</content_attribute>
    <content_attribute id="sex-homosexuality">none</content_attribute>
    <content_attribute id="sex-prostitution">none</content_attribute>
    <content_attribute id="sex-adultery">none</content_attribute>
    <content_attribute id="sex-appearance">none</content_attribute>
    <content_attribute id="language-profanity">none</content_attribute>
    <content_attribute id="language-humor">none</content_attribute>
    <content_attribute id="language-discrimination">none</content_attribute>
    <content_attribute id="social-chat">intense</content_attribute>
    <content_attribute id="social-info">none</content_attribute>
    <content_attribute id="social-audio">none</content_attribute>
    <content_attribute id="social-location">none</content_attribute>
    <content_attribute id="social-contacts">none</content_attribute>
    <content_attribute id="money-purchasing">none</content_attribute>
    <content_attribute id="money-gambling">none</content_attribute>
  </content_rating>

  <update_contact>nick_at_nedrichards.com</update_contact>
</component>
